Name,Track,Status
Bourbon a Beginning - Evan Williams,Bourbon a Beginning,Published
Bourbon a Beginning- Old Crow,Bourbon a Beginning,Published
Bourbon a Beginning - Elijah Craig,Bourbon a Beginning,Published
Bourbon a Beginning - Whisky Rebellion,Bourbon a Beginning,Published
Bottled in Bond - E. H. Taylor,Bourbon a Beginning,Published
Prohibition - Stitzel-Weller,Bourbon a Beginning,Published
Prohibition - Brown Forman,Bourbon a Beginning,Published
Prohibition - Schenley,Bourbon a Beginning,Filmed
Prohibition - Frankfort & AMS,Bourbon a Beginning,
Prohibition - Glenmore,Bourbon a Beginning,Planned
Uncle Nearest - Representation in Whisky,Bottle Bond,
Bidders Remourse,Bottle Bond,
Glassware - How it Works,Bottle Bond,
Scotch a Beginning - Lindores,Bottle Bond,
Tariffs and Takedowns,Bottle Bond,Planned
Rebecca Creek,Texas Whisky,Planned
