Name,Created,Tags
Cover Page,"July 15, 2024 7:51 PM",
Audience and Reach,"July 15, 2024 7:51 PM",
Episodes Information,"July 15, 2024 7:51 PM",
Podcast Overview,"July 15, 2024 7:51 PM",
Brand Assets,"July 15, 2024 7:56 PM",
Sponsorship Opportunities,"July 15, 2024 7:56 PM",
Contact Information,"July 15, 2024 7:57 PM",
Chance Bio,"July 15, 2024 8:36 PM",
Adam Bio,"July 15, 2024 8:36 PM",
Cherie Deville,"July 15, 2024 9:26 PM",
Paul Draper,"July 15, 2024 9:27 PM",
Colette Walters,"July 15, 2024 9:51 PM",
Current Inventory,"July 15, 2024 9:53 PM",
The Drinkers - Title Card,"July 17, 2024 12:45 AM",
Confirmed Guests - Title Card,"July 17, 2024 12:46 AM",
Jeffrey Marriott,"July 17, 2024 12:49 AM",
Sean McCoy,"July 17, 2024 12:50 AM",
Audience and Reach Cont.,"July 17, 2024 12:53 AM",
Sponsorship Opportunities,"July 17, 2024 12:54 AM",
Currently Planned Episodes - Title Card,"July 26, 2024 10:57 AM",
